run_name,seed,epoch,loss,gb_weight,tau_h,lr,recall@20,ndcg@20,recall@40,ndcg@40,best_primary,best_epoch
DGBRec_seed2025,2025,5,0.0635759395857652,0.1,0.3767513661826855,0.004253317046975582,0.19910467309375018,0.1269513801120434,0.28504208202410164,0.15100585402881114,0.1269513801120434,5
DGBRec_seed2025,2025,10,0.04549807641241285,0.2,0.37324818433227175,0.004248410512266353,0.21049556154430882,0.13322026969353748,0.304194102691362,0.1596749107658434,0.13322026969353748,10
DGBRec_seed2025,2025,15,0.03838192392140627,0.3,0.36974500248185804,0.004240241360984236,0.2180192843140325,0.1374852221299715,0.316163285246038,0.1650031224180766,0.1374852221299715,15
DGBRec_seed2025,2025,20,0.035568090052240424,0.4,0.3662418206314442,0.004228822189368396,0.22595264712812269,0.14268622980991963,0.3246521208333684,0.1704287338263295,0.14268622980991963,20
DGBRec_seed2025,2025,25,0.034400701108906,0.5,0.3627386387810306,0.004214170604953787,0.2311536103300443,0.14595861767746984,0.33015298281550065,0.17378878823679217,0.14595861767746984,25
DGBRec_seed2025,2025,30,0.03420639571009411,0.6,0.3592354569306168,0.004196309199421608,0.23347685159165255,0.14666006467826134,0.33607573438337707,0.17541865503299678,0.14666006467826134,30
DGBRec_seed2025,2025,35,0.033841901251839265,0.7,0.35573227508020305,0.00417526551376457,0.23974400422846562,0.1518057377321478,0.3398295810830359,0.18002884217421292,0.1518057377321478,35
DGBRec_seed2025,2025,40,0.03396127554070619,0.8,0.3522290932297893,0.004151071995820678,0.24221124602500152,0.1531654703829843,0.34296656851023455,0.1816843003717717,0.1531654703829843,40
DGBRec_seed2025,2025,45,0.034191669792764716,0.9,0.3487259113793756,0.004123765950241021,0.24360538183050914,0.15392481567088892,0.34544948075904985,0.18273316910080367,0.15392481567088892,45
DGBRec_seed2025,2025,50,0.034592702312188015,1.0,0.3452227295289618,0.004093389480968699,0.24408568139545173,0.15451031837386825,0.3462394320328935,0.183311145629533,0.15451031837386825,50
DGBRec_seed2025,2025,55,0.0342651576631599,1.0,0.3417195476785481,0.004059989426317602,0.24665085171459175,0.1570707522843927,0.34912792248737273,0.1860020568230452,0.1570707522843927,55
DGBRec_seed2025,2025,60,0.03398805484175682,1.0,0.3382163658281343,0.004023617286751119,0.2484687469761912,0.1579957345750284,0.3499181022289027,0.18666870596872623,0.1579957345750284,60
DGBRec_seed2025,2025,65,0.03383189770910475,1.0,0.33471318397772065,0.003984329145472154,0.24844266996845232,0.15803565638967842,0.3505026455026937,0.1869037282550071,0.15803565638967842,65
DGBRec_seed2025,2025,70,0.033698469762586884,1.0,0.3312100021273069,0.003942185581946898,0.2497299637360094,0.1584193659364054,0.3503818183675851,0.18688736917036455,0.1584193659364054,70
DGBRec_seed2025,2025,75,0.03364788984052009,1.0,0.32770682027689313,0.0038972515784956806,0.2505979223455801,0.15793926648751824,0.35333755857408783,0.1868969846572527,0.1584193659364054,70
DGBRec_seed2025,2025,80,0.03354030749243167,1.0,0.32420363842647937,0.003849596420094943,0.249247127493816,0.15928498100024394,0.35118474033859265,0.18798325103738098,0.15928498100024394,80
DGBRec_seed2025,2025,85,0.0334869853945242,1.0,0.32070045657606566,0.0037992935875448236,0.25055639980104594,0.15948842791793585,0.3529882924272424,0.1882988700648497,0.15948842791793585,85
DGBRec_seed2025,2025,90,0.03342059383996659,1.0,0.3171972747256519,0.0037464206441670932,0.24905223883938107,0.15874027327219528,0.35430466688240836,0.18822053067934058,0.15948842791793585,85
DGBRec_seed2025,2025,95,0.03332069402353631,1.0,0.3136940928752382,0.0036910591162081325,0.25102926373981294,0.1600788046563495,0.3530491669322698,0.18895177949292247,0.1600788046563495,95
DGBRec_seed2025,2025,100,0.033221769612282515,1.0,0.3101909110248244,0.0036332943671313705,0.25209744732814204,0.16064809270689323,0.3521718967303044,0.18886632881543186,0.16064809270689323,100
DGBRec_seed2025,2025,105,0.033182243454373546,1.0,0.30668772917441073,0.003573215465993011,0.2510028002343011,0.1596083131722867,0.35333145076091205,0.18834327011067217,0.16064809270689323,100
DGBRec_seed2025,2025,110,0.03315927543573909,1.0,0.30318454732399697,0.0035109150501040033,0.25254926520891,0.1618656323999217,0.3543844484438991,0.19053507863068117,0.1618656323999217,110
DGBRec_seed2025,2025,115,0.03301986441430119,1.0,0.2996813654735832,0.0034464891821900253,0.25233516747742035,0.1613305104757799,0.3533007553155185,0.18982665893881526,0.1618656323999217,110
DGBRec_seed2025,2025,120,0.03300153691735533,1.0,0.29617818362316944,0.00338003720226972,0.2527125759098118,0.1622179007083281,0.35519232347673096,0.19112674736359767,0.1622179007083281,120
DGBRec_seed2025,2025,125,0.032959078386839896,1.0,0.29267500177275574,0.0033116615744795876,0.25324648895404017,0.162643748940686,0.3573647596181804,0.1920223423694041,0.162643748940686,125
DGBRec_seed2025,2025,130,0.03293821282891764,1.0,0.289171819922342,0.0032414677290817174,0.25427456727446857,0.16313292151479106,0.3559881611114372,0.19186580568514494,0.16313292151479106,130
DGBRec_seed2025,2025,135,0.03290417521364159,1.0,0.28566863807192827,0.003169563899897961,0.25458277012723723,0.16354185229145832,0.35550535902039604,0.19205238790948626,0.16354185229145832,135
DGBRec_seed2025,2025,140,0.032853925238466926,1.0,0.2821654562215145,0.0030960609574212264,0.2538922157176406,0.16356361144330414,0.35649229674221466,0.1924325568415465,0.16356361144330414,140
DGBRec_seed2025,2025,145,0.032766125734067626,1.0,0.27866227437110075,0.0030210722378612134,0.2542363711746394,0.16304855185043177,0.3563264270753788,0.1919124810693452,0.16356361144330414,140
DGBRec_seed2025,2025,150,0.032745022119747266,1.0,0.27515909252068704,0.0029447133683881926,0.25690897684556546,0.16527125255589326,0.3583073750416468,0.1937951773890339,0.16527125255589326,150
DGBRec_seed2025,2025,155,0.03273385359595219,1.0,0.2716559106702733,0.00286710208884429,0.2546918574730875,0.16401556629703412,0.3570494113148292,0.19287051587708745,0.16527125255589326,150
DGBRec_seed2025,2025,160,0.03266305528167221,1.0,0.2681527288198595,0.0027883580701971848,0.25562451343079773,0.16469854975895365,0.35873670940223723,0.1937052419269955,0.16527125255589326,150
DGBRec_seed2025,2025,165,0.03270433677567376,1.0,0.2646495469694458,0.00270860273001615,0.2557606650303056,0.16432910346108734,0.3582193350311029,0.19328877133484162,0.16527125255589326,150
DGBRec_seed2025,2025,170,0.03257967893862062,1.0,0.2611463651190321,0.002627959045254962,0.2575387219130768,0.1651317133671082,0.35936676899131437,0.1939419879873441,0.16527125255589326,150
DGBRec_seed2025,2025,175,0.03252258125899567,1.0,0.25764318326861835,0.002546551362630353,0.2581310253153593,0.16598163117383855,0.35948701508544717,0.19476831854438775,0.16598163117383855,175
DGBRec_seed2025,2025,180,0.03247836734064751,1.0,0.2541400014182046,0.002464505206888383,0.2572067013402943,0.1656560965098393,0.3618064072356851,0.19513160254828202,0.16598163117383855,175
DGBRec_seed2025,2025,185,0.03242223590819372,1.0,0.2506368195677908,0.002381947087254382,0.2565182700897542,0.1659506448714008,0.360279003085434,0.19522706389416708,0.16598163117383855,175
DGBRec_seed2025,2025,190,0.03240874813248714,1.0,0.24713363771737715,0.002299004302364893,0.25651088116055376,0.16523041115206955,0.35911932589292755,0.19412568919918852,0.16598163117383855,175
DGBRec_seed2025,2025,195,0.03235873016011384,1.0,0.24363045586696339,0.002215804743982404,0.2591972380531416,0.16740414276486815,0.3607936972720242,0.19612505960635757,0.16740414276486815,195
DGBRec_seed2025,2025,200,0.03230406359458963,1.0,0.24012727401654962,0.002132476699795516,0.25786885592106656,0.16705595706870616,0.3596056896094514,0.19572682665895802,0.16740414276486815,195
DGBRec_seed2025,2025,205,0.032265605198012456,1.0,0.2366240921661359,0.0020491486556086284,0.2577230928144312,0.1666953731217888,0.362572553432191,0.1961079001263379,0.16740414276486815,195
DGBRec_seed2025,2025,210,0.03221395508282714,1.0,0.23312091031572213,0.0019659490972261393,0.25908010627524025,0.16774846268646032,0.3622189442517227,0.1968353534409368,0.16774846268646032,210
DGBRec_seed2025,2025,215,0.032236690943439804,1.0,0.22961772846530842,0.0018830063123366507,0.2595750279256261,0.16819766688666815,0.3621211324078995,0.1969826198692704,0.16819766688666815,215
DGBRec_seed2025,2025,220,0.032183662729544774,1.0,0.22611454661489466,0.0018004481927026495,0.25930463591922126,0.16906720334222275,0.361825921013247,0.19795974159012872,0.16906720334222275,220
DGBRec_seed2025,2025,225,0.032090910969095096,1.0,0.22261136476448093,0.0017184020369606793,0.26011736938057756,0.1685854698214827,0.3618918027074467,0.1972469914370786,0.16906720334222275,220
DGBRec_seed2025,2025,230,0.03208172662804524,1.0,0.21910818291406717,0.0016369943543360697,0.26021182682134325,0.16898496362058402,0.36418551348707784,0.19818173451667898,0.16906720334222275,220
DGBRec_seed2025,2025,235,0.03203933530797561,1.0,0.21560500106365346,0.001556350669574883,0.2601006526470919,0.16879617852734993,0.36338318644061673,0.197882684241766,0.16906720334222275,220
DGBRec_seed2025,2025,240,0.032020556171321206,1.0,0.2121018192132397,0.0014765953293938486,0.26130442024644035,0.1700846281069184,0.3625188677430811,0.19866153380020038,0.1700846281069184,240
DGBRec_seed2025,2025,245,0.03202996594417426,1.0,0.20859863736282597,0.0013978513107467422,0.2622039999755568,0.17056737429341362,0.3624425746031365,0.1989097922999725,0.17056737429341362,245
DGBRec_seed2025,2025,250,0.03198169285638465,1.0,0.2050954555124122,0.00132024003120284,0.26180890662512346,0.17033240707473385,0.36429423345923156,0.19922996480011243,0.17056737429341362,245
DGBRec_seed2025,2025,255,0.03193223155621025,1.0,0.2015922736619985,0.0012438811617298184,0.2622383631470724,0.1707250764618864,0.36485426213910394,0.19967162274935615,0.1707250764618864,255
DGBRec_seed2025,2025,260,0.0319095472805202,1.0,0.19808909181158474,0.0011688924421698055,0.2627524970805227,0.1707609318347229,0.3643689289719054,0.19950376138672007,0.1707609318347229,260
DGBRec_seed2025,2025,265,0.031906160008576184,1.0,0.19458590996117098,0.0010953894996930706,0.263300517650929,0.17132728365609975,0.3651676774860305,0.20010987335683542,0.17132728365609975,265
DGBRec_seed2025,2025,270,0.03183934330526325,1.0,0.19108272811075727,0.001023485670509315,0.26198003321629987,0.17107260710138492,0.36423971510519637,0.19991142263464198,0.17132728365609975,265
DGBRec_seed2025,2025,275,0.03181153261620137,1.0,0.1875795462603435,0.0009532918251114443,0.2616932888587885,0.17133219680708672,0.365056879119471,0.20034619964400213,0.17133219680708672,275
DGBRec_seed2025,2025,280,0.031809785610271826,1.0,0.18407636440992978,0.0008849161973213126,0.26201669492485746,0.1713574634741893,0.3655910201943646,0.2004360671579052,0.1713574634741893,280
DGBRec_seed2025,2025,285,0.03176428212059869,1.0,0.18057318255951604,0.0008184642174010065,0.2621532065209571,0.17157618100148633,0.3657617855423144,0.2006521822867805,0.17157618100148633,285
DGBRec_seed2025,2025,290,0.03177914835719599,1.0,0.17707000070910228,0.0007540383494870288,0.2635030352352134,0.17223153175960082,0.36609371381416755,0.2010363435312202,0.17223153175960082,290
DGBRec_seed2025,2025,295,0.031711280087216034,1.0,0.17356681885868858,0.0006917379335980212,0.26451548413972886,0.17287671421077325,0.36514318705019644,0.20127372758283493,0.17287671421077325,295
DGBRec_seed2025,2025,300,0.031679425957716174,1.0,0.17006363700827481,0.0006316590324596623,0.2634754478113507,0.1722228380622777,0.36727205573446736,0.20132778692528372,0.17287671421077325,295
DGBRec_seed2025,2025,305,0.031669335362191,1.0,0.1665604551578611,0.0005738942833829001,0.263088930716482,0.17238797522121624,0.36744245958964206,0.20176016034785565,0.17287671421077325,295
DGBRec_seed2025,2025,310,0.03165606587814788,1.0,0.16305727330744735,0.0005185327554239393,0.26308045703316246,0.17246889386211964,0.3668079455485866,0.20176381593150974,0.17287671421077325,295
DGBRec_seed2025,2025,315,0.031638728842760123,1.0,0.15955409145703361,0.00046565981204620875,0.26411937801780694,0.17298343447063813,0.36849393674484116,0.20234439887943972,0.17298343447063813,315
DGBRec_seed2025,2025,320,0.03162751181258096,1.0,0.15605090960661985,0.00041535697949608995,0.26424533671268036,0.17365475464532798,0.36670225199121503,0.20261217677785154,0.17365475464532798,320
DGBRec_seed2025,2025,325,0.03158372110273275,1.0,0.15254772775620612,0.0003677018210953529,0.26456287381438154,0.17360530886945907,0.3663185875392507,0.2022653011402049,0.17365475464532798,320
DGBRec_seed2025,2025,330,0.03158248873013589,1.0,0.14904454590579236,0.0003227678176441364,0.2651280848439176,0.1742359167529377,0.367081958322731,0.20296879767650974,0.1742359167529377,330
DGBRec_seed2025,2025,335,0.03156278683390054,1.0,0.14554136405537865,0.0002806242541188806,0.2650315830021136,0.17377637373860344,0.3678762726758095,0.20273065308305158,0.1742359167529377,330
DGBRec_seed2025,2025,340,0.031511201057583094,1.0,0.1420381822049649,0.0002413361128399154,0.2646286344289363,0.1739770897490488,0.3677135425861412,0.2029834749759619,0.1742359167529377,330
DGBRec_seed2025,2025,345,0.031537831812683076,1.0,0.13853500035455119,0.00020496397327343158,0.2654437720594984,0.1743942049971277,0.3684082436766742,0.20336848004784006,0.1743942049971277,345
DGBRec_seed2025,2025,350,0.03153740374060968,1.0,0.13503181850413742,0.00017156391862233639,0.265422179264026,0.1746045345599082,0.3686686273636635,0.2036261872737078,0.1746045345599082,350
DGBRec_seed2025,2025,355,0.031531085467172995,1.0,0.1315286366537237,0.00014118744935001567,0.2654191259370087,0.17448953132778952,0.36790863494777926,0.20336441867595273,0.1746045345599082,350
DGBRec_seed2025,2025,360,0.03149702418078151,1.0,0.12802545480330993,0.00011388140377035812,0.26555499124943643,0.1748504319997236,0.36840024522346954,0.20376021371619318,0.1748504319997236,360
DGBRec_seed2025,2025,365,0.03152818025814162,1.0,0.12452227295289621,8.968788582646568e-05,0.2655863761435174,0.1746656465676185,0.3684059543220938,0.20359097830611475,0.1748504319997236,360
DGBRec_seed2025,2025,370,0.031503148273461394,1.0,0.12101909110248245,6.864420016942684e-05,0.2653806009775732,0.17467913521618114,0.3687107248709241,0.20372782647500917,0.1748504319997236,360
DGBRec_seed2025,2025,375,0.03150044516142872,1.0,0.11751590925206873,5.078279463724769e-05,0.26532965146308674,0.1745559784357574,0.36846569404420115,0.20354202255619236,0.1748504319997236,360
DGBRec_seed2025,2025,380,0.03147968905977905,1.0,0.11401272740165497,3.613121022263864e-05,0.2654678969088575,0.17461050543410717,0.3691405370995706,0.2037085045648497,0.1748504319997236,360
DGBRec_seed2025,2025,385,0.03150612434061865,1.0,0.11050954555124125,2.4712038606798598e-05,0.2653924842540168,0.1747142164370776,0.3689817408892193,0.20380044366628192,0.1748504319997236,360
DGBRec_seed2025,2025,390,0.03146770687049462,1.0,0.10700636370082749,1.654288732468152e-05,0.2652455019325793,0.17460736425962367,0.3690218268012479,0.20373944590315124,0.1748504319997236,360
DGBRec_seed2025,2025,395,0.031464123606888786,1.0,0.10350318185041377,1.1636352615452403e-05,0.2651631618948061,0.17455645084823163,0.3689843408552572,0.20369703191863234,0.1748504319997236,360
DGBRec_seed2025,2025,400,0.03146984254837864,1.0,0.1,1e-05,0.2652468665974585,0.174623507936288,0.36909006502598907,0.2037474357459632,0.1748504319997236,360
DGBRec_seed2025,2025,5,0.050875320083509055,0.1,0.3767513661826855,0.004253317046975582,0.06318544244631692,0.04144474435702305,0.09793284312553814,0.0521716626139902,0.04144474435702305,5
DGBRec_seed2025,2025,10,0.034026525330619284,0.2,0.37324818433227175,0.004248410512266353,0.07834369987338664,0.05156959182882174,0.11913552778757662,0.06416847855409354,0.05156959182882174,10
DGBRec_seed2025,2025,15,0.030902289730196788,0.3,0.36974500248185804,0.004240241360984236,0.09083824664200704,0.06025955007762492,0.13438134501435273,0.0736617310664155,0.06025955007762492,15
DGBRec_seed2025,2025,20,0.03042634478691271,0.4,0.3662418206314442,0.004228822189368396,0.09958510578032939,0.06650043670938457,0.1442338974974173,0.08030155237504238,0.06650043670938457,20
DGBRec_seed2025,2025,25,0.03013203332547919,0.5,0.3627386387810306,0.004214170604953787,0.1064321811868592,0.07150983357178853,0.15221107259509084,0.0856668195934936,0.07150983357178853,25
DGBRec_seed2025,2025,30,0.030333499076886702,0.6,0.3592354569306168,0.004196309199421608,0.11166219267065874,0.0753572439263605,0.15915484239480077,0.08997843200628931,0.0753572439263605,30
DGBRec_seed2025,2025,35,0.030606384933689387,0.7,0.35573227508020305,0.00417526551376457,0.1152942034766301,0.0781934149913675,0.1634751550817524,0.09307017426735958,0.0781934149913675,35
DGBRec_seed2025,2025,40,0.030984785526170063,0.8,0.3522290932297893,0.004151071995820678,0.11878925034059372,0.08105127186383534,0.16690608167158277,0.09590441961310203,0.08105127186383534,40
DGBRec_seed2025,2025,45,0.031357730044272995,0.9,0.3487259113793756,0.004123765950241021,0.12052128077529027,0.08232918391382045,0.16887299360558644,0.09727467508797163,0.08232918391382045,45
DGBRec_seed2025,2025,50,0.0317926293680981,1.0,0.3452227295289618,0.004093389480968699,0.12179146135389368,0.08365180926197535,0.1705447958073392,0.09868353646085035,0.08365180926197535,50
DGBRec_seed2025,2025,55,0.031675834603355095,1.0,0.3417195476785481,0.004059989426317602,0.1226065519015707,0.08408705447081287,0.17199604949181682,0.09932447093303641,0.08408705447081287,55
DGBRec_seed2025,2025,60,0.031596158788997235,1.0,0.3382163658281343,0.004023617286751119,0.12397480868401352,0.08544489620773256,0.17390352481875263,0.10088285063554553,0.08544489620773256,60
DGBRec_seed2025,2025,65,0.03151683659308543,1.0,0.33471318397772065,0.003984329145472154,0.12529046582344608,0.08572544668877027,0.17482317430412994,0.10099437881168012,0.08572544668877027,65
DGBRec_seed2025,2025,70,0.031471451499767725,1.0,0.3312100021273069,0.003942185581946898,0.1261036353156405,0.08601063441994436,0.17556622796510932,0.10130035846237144,0.08601063441994436,70
DGBRec_seed2025,2025,75,0.03139444351417281,1.0,0.32770682027689313,0.0038972515784956806,0.1269090939994059,0.08731498426268285,0.1764007508478347,0.10259138606392247,0.08731498426268285,75
DGBRec_seed2025,2025,80,0.03133184719294057,1.0,0.32420363842647937,0.003849596420094943,0.12643200942826657,0.08735214175390449,0.17735174384532368,0.1029871585620312,0.08735214175390449,80
DGBRec_seed2025,2025,85,0.03127534337089223,1.0,0.32070045657606566,0.0037992935875448236,0.12728538075763218,0.0879732122739902,0.17809139370383764,0.10360380064076558,0.0879732122739902,85
DGBRec_seed2025,2025,90,0.031213595666054448,1.0,0.3171972747256519,0.0037464206441670932,0.12841969158210442,0.08891022582588926,0.17887697172297973,0.10442775473412864,0.08891022582588926,90
DGBRec_seed2025,2025,95,0.03116051213405395,1.0,0.3136940928752382,0.0036910591162081325,0.12803607866671013,0.08857500519445775,0.1784806784351693,0.10407795055253129,0.08891022582588926,90
DGBRec_seed2025,2025,100,0.031171221822752792,1.0,0.3101909110248244,0.0036332943671313705,0.1288140708830668,0.089235849985854,0.17886707711038516,0.10464695875576449,0.089235849985854,100
DGBRec_seed2025,2025,105,0.031142121504487124,1.0,0.30668772917441073,0.003573215465993011,0.129211929563351,0.08941319865221929,0.17957174033495835,0.10495408477256851,0.08941319865221929,105
DGBRec_seed2025,2025,110,0.03105162302726659,1.0,0.30318454732399697,0.0035109150501040033,0.1301770514989659,0.08978413021847308,0.1806117234172592,0.10531271220217264,0.08978413021847308,110
DGBRec_seed2025,2025,115,0.031002696453577887,1.0,0.2996813654735832,0.0034464891821900253,0.13044612188263854,0.08982451257392035,0.18105446949112114,0.1054640895530177,0.08982451257392035,115
DGBRec_seed2025,2025,120,0.030937949716413424,1.0,0.29617818362316944,0.00338003720226972,0.13031891909548407,0.09016627302892992,0.18095859353445728,0.10579430149540134,0.09016627302892992,120
DGBRec_seed2025,2025,125,0.030885628014171527,1.0,0.29267500177275574,0.0033116615744795876,0.13022765616292692,0.0903229693310737,0.18147783820543711,0.10611251282554718,0.0903229693310737,125
DGBRec_seed2025,2025,130,0.03092054956418983,1.0,0.289171819922342,0.0032414677290817174,0.13082063986866557,0.09071897679519596,0.18180696059279472,0.10644669535647382,0.09071897679519596,130
DGBRec_seed2025,2025,135,0.03084222756136777,1.0,0.28566863807192827,0.003169563899897961,0.13152392298143428,0.09067843527882781,0.18275736345184657,0.10652654473025971,0.09071897679519596,130
DGBRec_seed2025,2025,140,0.03080213505585315,1.0,0.2821654562215145,0.0030960609574212264,0.1326300154185187,0.09155697377654674,0.18355391762099893,0.10730451251529634,0.09155697377654674,140
DGBRec_seed2025,2025,145,0.030742383214755583,1.0,0.27866227437110075,0.0030210722378612134,0.132694068487537,0.09188904249981976,0.18348710844411342,0.10754203684110804,0.09188904249981976,145
DGBRec_seed2025,2025,150,0.030650941733965428,1.0,0.27515909252068704,0.0029447133683881926,0.13250719587410542,0.09230800624840152,0.1843083864440375,0.10822864275799368,0.09230800624840152,150
DGBRec_seed2025,2025,155,0.030606740777838534,1.0,0.2716559106702733,0.00286710208884429,0.13324078271328618,0.09268834419332156,0.1843575542600857,0.1084901979047258,0.09268834419332156,155
DGBRec_seed2025,2025,5,0.04870974102010161,0.1,0.3767513661826855,0.004253317046975582,0.06467001159240149,0.04216972992435896,0.1000834317826377,0.05312182389451908,0.04216972992435896,5
DGBRec_seed2025,2025,10,0.032308015751384075,0.2,0.37324818433227175,0.004248410512266353,0.08046830852623282,0.05293307592727955,0.12190269970168813,0.06575487288673666,0.05293307592727955,10
DGBRec_seed2025,2025,15,0.02898112069657546,0.3,0.36974500248185804,0.004240241360984236,0.09227340182862885,0.06119381935565524,0.1369152222272778,0.07498760439157348,0.06119381935565524,15
DGBRec_seed2025,2025,20,0.027754068927113282,0.4,0.3662418206314442,0.004228822189368396,0.1021361198514417,0.0681346971758884,0.14816731380427206,0.08235535448788392,0.0681346971758884,20
DGBRec_seed2025,2025,25,0.027186031003435283,0.5,0.3627386387810306,0.004214170604953787,0.10834710574469417,0.07262318470446744,0.15521826966407415,0.08703419900423913,0.07262318470446744,25
DGBRec_seed2025,2025,30,0.02689813863549192,0.6,0.3592354569306168,0.004196309199421608,0.11348744619724156,0.07645584579647721,0.16138587933318396,0.09126872961017486,0.07645584579647721,30
DGBRec_seed2025,2025,35,0.02666079703623713,0.7,0.35573227508020305,0.00417526551376457,0.11733603095674358,0.07951318944669115,0.16596519714330935,0.09447845864574794,0.07951318944669115,35
DGBRec_seed2025,2025,40,0.026497191710050327,0.8,0.3522290932297893,0.004151071995820678,0.120058821843128,0.08187806526962027,0.16900965480419267,0.09694865429451967,0.08187806526962027,40
DGBRec_seed2025,2025,45,0.026340221465265348,0.9,0.3487259113793756,0.004123765950241021,0.12148603749936686,0.08315397622725257,0.17022194010086122,0.09823561648157435,0.08315397622725257,45
DGBRec_seed2025,2025,50,0.026244009245123903,1.0,0.3452227295289618,0.004093389480968699,0.12252298117568775,0.08424721661926769,0.17197098425017168,0.09945526202346913,0.08424721661926769,50
DGBRec_seed2025,2025,55,0.02614828042875407,1.0,0.3417195476785481,0.004059989426317602,0.12398791653666918,0.08466558582626127,0.17345436606402415,0.09993699096652475,0.08466558582626127,55
DGBRec_seed2025,2025,60,0.02605456333228592,1.0,0.3382163658281343,0.004023617286751119,0.1245989047214976,0.08586894746120996,0.17418496699246805,0.10116860952904491,0.08586894746120996,60
DGBRec_seed2025,2025,65,0.025979538306088772,1.0,0.33471318397772065,0.003984329145472154,0.1255376977884918,0.08606542088563039,0.17577230765304344,0.10151190740549335,0.08606542088563039,65
DGBRec_seed2025,2025,70,0.025905168504785685,1.0,0.3312100021273069,0.003942185581946898,0.1260106705820808,0.08648137756562574,0.17639449584915365,0.10202965198008879,0.08648137756562574,70
DGBRec_seed2025,2025,75,0.025816866954378154,1.0,0.32770682027689313,0.0038972515784956806,0.12716880985817336,0.08739445793287463,0.1776523853096065,0.10295252735908658,0.08739445793287463,75
DGBRec_seed2025,2025,80,0.025752458366233917,1.0,0.32420363842647937,0.003849596420094943,0.12752468252951188,0.08799412999817655,0.1782250854544807,0.10358464940016486,0.08799412999817655,80
DGBRec_seed2025,2025,85,0.025717845683822693,1.0,0.32070045657606566,0.0037992935875448236,0.12813909523883307,0.08869964341087354,0.1783224420304044,0.10415830683902819,0.08869964341087354,85
DGBRec_seed2025,2025,90,0.025662243121571966,1.0,0.3171972747256519,0.0037464206441670932,0.12907011095178247,0.08920037873231833,0.1795549825890206,0.1047692138424066,0.08920037873231833,90
DGBRec_seed2025,2025,95,0.02560501089477438,1.0,0.3136940928752382,0.0036910591162081325,0.1287481784901392,0.08890499917344084,0.17968216348060043,0.10460128060005709,0.08920037873231833,90
DGBRec_seed2025,2025,100,0.025544247747856682,1.0,0.3101909110248244,0.0036332943671313705,0.12987459368996404,0.08950145780893602,0.1802310840173296,0.10501875514925252,0.08950145780893602,100
DGBRec_seed2025,2025,105,0.025469314007056973,1.0,0.30668772917441073,0.003573215465993011,0.12958174867608632,0.0896389222824135,0.18082090541313164,0.10542216664124067,0.0896389222824135,105
DGBRec_seed2025,2025,5,0.06319092545244429,0.1,0.3767513661826855,0.004253317046975582,0.20033977197057937,0.12820079797937575,0.2871995167097472,0.1526242985102084,0.12820079797937575,5
DGBRec_seed2025,2025,10,0.044114991556853056,0.2,0.37324818433227175,0.004248410512266353,0.21074667407492742,0.13373565757295863,0.30334631006826596,0.15980993239754604,0.13373565757295863,10
DGBRec_seed2025,2025,15,0.036369060890542135,0.3,0.36974500248185804,0.004240241360984236,0.2182658250842567,0.13749633490227908,0.3154495948880357,0.16483444429267982,0.13749633490227908,15
DGBRec_seed2025,2025,20,0.032895541129012905,0.4,0.3662418206314442,0.004228822189368396,0.22420543649622243,0.14091474096693468,0.3215881344762092,0.16838125501652657,0.14091474096693468,20
DGBRec_seed2025,2025,25,0.031079063890501857,0.5,0.3627386387810306,0.004214170604953787,0.2285824735401158,0.14318524732987892,0.3294628845040491,0.17155728201002235,0.14318524732987892,25
DGBRec_seed2025,2025,30,0.030041481782164838,0.6,0.3592354569306168,0.004196309199421608,0.23201890244769452,0.14550322102084745,0.3339945652235441,0.1742516759112073,0.14550322102084745,30
DGBRec_seed2025,2025,35,0.02939853416238394,0.7,0.35573227508020305,0.00417526551376457,0.23664793250273408,0.149781889042454,0.33872088729519506,0.17852335674384523,0.149781889042454,35
DGBRec_seed2025,2025,40,0.02897581494309836,0.8,0.3522290932297893,0.004151071995820678,0.24066522605705265,0.153119322509918,0.34355946863489883,0.18208885983332232,0.153119322509918,40
DGBRec_seed2025,2025,45,0.028740510836036667,0.9,0.3487259113793756,0.004123765950241021,0.24258006704583499,0.15364082135416612,0.3451350783464436,0.18255496014804534,0.15364082135416612,45
DGBRec_seed2025,2025,50,0.028530960540390678,1.0,0.3452227295289618,0.004093389480968699,0.24374874889799486,0.15502846525282404,0.34571501546822025,0.18391867022069966,0.15502846525282404,50
DGBRec_seed2025,2025,55,0.028341623281853065,1.0,0.3417195476785481,0.004059989426317602,0.24503077891171585,0.15670124897337356,0.3495725790947042,0.18605341461147057,0.15670124897337356,55
DGBRec_seed2025,2025,60,0.028215752009095416,1.0,0.3382163658281343,0.004023617286751119,0.24518343545700028,0.15648983256241836,0.3496927329594498,0.18581197704863453,0.15670124897337356,55
DGBRec_seed2025,2025,65,0.028186325785807438,1.0,0.33471318397772065,0.003984329145472154,0.2485519074629808,0.15906050645296121,0.351145367987192,0.18794692505895533,0.15906050645296121,65
DGBRec_seed2025,2025,70,0.028039162150687642,1.0,0.3312100021273069,0.003942185581946898,0.24983592950639694,0.15869620844623442,0.3530359880354546,0.18763919759908684,0.15906050645296121,65
DGBRec_seed2025,2025,75,0.02794382584074305,1.0,0.32770682027689313,0.0038972515784956806,0.24909893870441768,0.15953243783404825,0.351734401015741,0.1883958433612863,0.15953243783404825,75
DGBRec_seed2025,2025,80,0.027919633003572624,1.0,0.32420363842647937,0.003849596420094943,0.24976645004200157,0.15964474310549048,0.35288279286919955,0.1886916525245693,0.15964474310549048,80
DGBRec_seed2025,2025,85,0.027833972177985642,1.0,0.32070045657606566,0.0037992935875448236,0.25122270554970116,0.15967689707378427,0.35384559022756323,0.18861823101990027,0.15967689707378427,85
DGBRec_seed2025,2025,90,0.02778398933716946,1.0,0.3171972747256519,0.0037464206441670932,0.25097708634911464,0.15998834759666494,0.35347526233392673,0.18882047077095662,0.15998834759666494,90
DGBRec_seed2025,2025,95,0.027720129971082013,1.0,0.3136940928752382,0.0036910591162081325,0.25166380211832806,0.1596829436561671,0.3534632417153915,0.18831070943236208,0.15998834759666494,90
DGBRec_seed2025,2025,100,0.02770231193345454,1.0,0.3101909110248244,0.0036332943671313705,0.25180436310716225,0.16057398346980997,0.35302343466092667,0.18902521677808856,0.16057398346980997,100
DGBRec_seed2025,2025,105,0.027623487688187096,1.0,0.30668772917441073,0.003573215465993011,0.2510715704305423,0.16074347883750748,0.3553096249744146,0.19010392603504137,0.16074347883750748,105
DGBRec_seed2025,2025,110,0.027523181452933285,1.0,0.30318454732399697,0.0035109150501040033,0.2508359206315616,0.16187598425776392,0.354589100132318,0.1910219560955816,0.16187598425776392,110
DGBRec_seed2025,2025,115,0.02754547899692423,1.0,0.2996813654735832,0.0034464891821900253,0.252403319193085,0.16125710469772356,0.35476710891418,0.19011623956920895,0.16187598425776392,110
DGBRec_seed2025,2025,120,0.027481479596139655,1.0,0.29617818362316944,0.00338003720226972,0.25236940748903813,0.16189327586484328,0.35538122579456394,0.190849447781621,0.16189327586484328,120
DGBRec_seed2025,2025,125,0.027384475727255147,1.0,0.29267500177275574,0.0033116615744795876,0.25470841183558507,0.16285876943646507,0.3554146648347448,0.1912854093893379,0.16285876943646507,125
DGBRec_seed2025,2025,130,0.02738624459339513,1.0,0.289171819922342,0.0032414677290817174,0.2541888528788603,0.16247378857706715,0.355489955767657,0.19097857423085263,0.16285876943646507,125
DGBRec_seed2025,2025,135,0.02733818633067939,1.0,0.28566863807192827,0.003169563899897961,0.25333760879676454,0.16281728867256004,0.35650027011826235,0.19166033351561818,0.16285876943646507,125
DGBRec_seed2025,2025,140,0.027291973716475897,1.0,0.2821654562215145,0.0030960609574212264,0.2523705938607472,0.1623284626596411,0.35574609352473563,0.19138437754136609,0.16285876943646507,125
DGBRec_seed2025,2025,145,0.02728743750291566,1.0,0.27866227437110075,0.0030210722378612134,0.25390574928716597,0.16316854271256973,0.3554553664917112,0.19184868037256825,0.16316854271256973,145
DGBRec_seed2025,2025,150,0.027166766735414665,1.0,0.27515909252068704,0.0029447133683881926,0.25523972015047214,0.16450631035500715,0.3580391981690192,0.19335917618460696,0.16450631035500715,150
DGBRec_seed2025,2025,155,0.027181291978599295,1.0,0.2716559106702733,0.00286710208884429,0.2537270355663189,0.16341381793989393,0.3577557788280937,0.19264720385139036,0.16450631035500715,150
DGBRec_seed2025,2025,160,0.027127396496426728,1.0,0.2681527288198595,0.0027883580701971848,0.25576263718930464,0.16507472182395497,0.35986243942604224,0.19435977324166964,0.16507472182395497,160
DGBRec_seed2025,2025,165,0.02706186778636442,1.0,0.2646495469694458,0.00270860273001615,0.2547264938248732,0.16368826155064936,0.35892658870284433,0.1930521459854618,0.16507472182395497,160
DGBRec_seed2025,2025,170,0.027062785423671205,1.0,0.2611463651190321,0.002627959045254962,0.2558972466247643,0.16527355858450374,0.358205563465956,0.19417407367955586,0.16527355858450374,170
DGBRec_seed2025,2025,175,0.027008221329500277,1.0,0.25764318326861835,0.002546551362630353,0.2562898833328746,0.16549410334170994,0.3593023288134753,0.19438834856352966,0.16549410334170994,175
DGBRec_seed2025,2025,180,0.026925488814918533,1.0,0.2541400014182046,0.002464505206888383,0.2565855956602721,0.165244564058067,0.35938086224182425,0.19423792826309516,0.16549410334170994,175
DGBRec_seed2025,2025,185,0.02690266336624821,1.0,0.2506368195677908,0.002381947087254382,0.257057079354094,0.1656610719134752,0.3600038755448303,0.19464694675510621,0.1656610719134752,185
DGBRec_seed2025,2025,190,0.02690244318606953,1.0,0.24713363771737715,0.002299004302364893,0.2576798641287009,0.16555487283406617,0.3601015207426134,0.1943571090036622,0.1656610719134752,185
DGBRec_seed2025,2025,195,0.02683594910841849,1.0,0.24363045586696339,0.002215804743982404,0.25698685718349623,0.16584729492852174,0.3607609858111583,0.19503097836512345,0.16584729492852174,195
DGBRec_seed2025,2025,200,0.02678429087003072,1.0,0.24012727401654962,0.002132476699795516,0.2588615523373628,0.16710096868822408,0.3626398109945205,0.19637100457389575,0.16710096868822408,200
DGBRec_seed2025,2025,205,0.02676292457100418,1.0,0.2366240921661359,0.0020491486556086284,0.2585318933754108,0.16784194741333383,0.36216551717730333,0.19716703488452628,0.16784194741333383,205
DGBRec_seed2025,2025,210,0.02672594113068448,1.0,0.23312091031572213,0.0019659490972261393,0.2598990473701483,0.16759267606116038,0.36352929829953107,0.19673395286436493,0.16784194741333383,205
DGBRec_seed2025,2025,215,0.026715546018547483,1.0,0.22961772846530842,0.0018830063123366507,0.259936175256188,0.1676995234111418,0.36132775369654,0.19626887992026545,0.16784194741333383,205
DGBRec_seed2025,2025,220,0.0266536095748759,1.0,0.22611454661489466,0.0018004481927026495,0.2613565352237681,0.1690830524670747,0.36405209434247937,0.19791007538738198,0.1690830524670747,220
DGBRec_seed2025,2025,225,0.02665220027685993,1.0,0.22261136476448093,0.0017184020369606793,0.2613356498922244,0.16894345280924855,0.36492522582705483,0.19796616658893337,0.1690830524670747,220
DGBRec_seed2025,2025,230,0.026599150306234758,1.0,0.21910818291406717,0.0016369943543360697,0.26060391695388696,0.1687214621441138,0.361447072023113,0.19712094652234882,0.1690830524670747,220
DGBRec_seed2025,2025,235,0.026547339770735964,1.0,0.21560500106365346,0.001556350669574883,0.26125572659363955,0.16904699729520223,0.36222831513278503,0.19756068599943608,0.1690830524670747,220
DGBRec_seed2025,2025,240,0.026558329506466787,1.0,0.2121018192132397,0.0014765953293938486,0.2624844772732382,0.16966327317967048,0.36416641306922515,0.19821951800758925,0.16966327317967048,240
DGBRec_seed2025,2025,245,0.026495453358317416,1.0,0.20859863736282597,0.0013978513107467422,0.2602290445547567,0.16930468571921187,0.3631580242817542,0.19830852853008776,0.16966327317967048,240
DGBRec_seed2025,2025,250,0.026442321276085243,1.0,0.2050954555124122,0.00132024003120284,0.261141598142553,0.17067084033507277,0.36367807477133807,0.1994746410430156,0.17067084033507277,250
DGBRec_seed2025,2025,255,0.02638860561677979,1.0,0.2015922736619985,0.0012438811617298184,0.26138451268906543,0.17023476329758705,0.36469192555026914,0.19916902084491706,0.17067084033507277,250
DGBRec_seed2025,2025,260,0.02636113511915836,1.0,0.19808909181158474,0.0011688924421698055,0.26360665381889514,0.17049359289789628,0.3651010966488701,0.1990620726357007,0.17067084033507277,250
DGBRec_seed2025,2025,265,0.02636366464301116,1.0,0.19458590996117098,0.0010953894996930706,0.2615443526890594,0.17000767450219625,0.3644207688778985,0.19883074352036076,0.17067084033507277,250
DGBRec_seed2025,2025,270,0.026369218507574663,1.0,0.19108272811075727,0.001023485670509315,0.26376749735665583,0.17095973266931272,0.3653002977075633,0.1994929881693919,0.17095973266931272,270
DGBRec_seed2025,2025,275,0.02628455856918461,1.0,0.1875795462603435,0.0009532918251114443,0.2631379524270633,0.17131899910274057,0.3651710755544377,0.20000262937249433,0.17131899910274057,275
DGBRec_seed2025,2025,280,0.026270901603210304,1.0,0.18407636440992978,0.0008849161973213126,0.26338287698237733,0.17142634262910492,0.3658750356392999,0.20021158555226395,0.17142634262910492,280
DGBRec_seed2025,2025,285,0.026214361966898043,1.0,0.18057318255951604,0.0008184642174010065,0.26322766575943496,0.1719520184397493,0.3656975565348056,0.20076056800862607,0.1719520184397493,285
DGBRec_seed2025,2025,290,0.02622726114673747,1.0,0.17707000070910228,0.0007540383494870288,0.2636958006119972,0.17214686489949585,0.36687887321178597,0.20115605775625364,0.17214686489949585,290
DGBRec_seed2025,2025,295,0.0262100779865351,1.0,0.17356681885868858,0.0006917379335980212,0.2647425222286744,0.172759885851707,0.36687201856582563,0.20140175817689387,0.172759885851707,295
DGBRec_seed2025,2025,300,0.026180450519960787,1.0,0.17006363700827481,0.0006316590324596623,0.26527224319010434,0.17315004183984686,0.36722112212793084,0.2018797441630482,0.17315004183984686,300
DGBRec_seed2025,2025,305,0.026162857086294226,1.0,0.1665604551578611,0.0005738942833829001,0.26323345615913046,0.17288183942210406,0.36755155282722546,0.20214381624609368,0.17315004183984686,300
DGBRec_seed2025,2025,310,0.026134434906351898,1.0,0.16305727330744735,0.0005185327554239393,0.26387657651195173,0.1730251993642914,0.3666851130031885,0.20198250152972747,0.17315004183984686,300
DGBRec_seed2025,2025,315,0.02612813820855485,1.0,0.15955409145703361,0.00046565981204620875,0.2649415247121749,0.17348790204412487,0.3669602616058151,0.20226673273768905,0.17348790204412487,315
DGBRec_seed2025,2025,320,0.026093394521416888,1.0,0.15605090960661985,0.00041535697949608995,0.26517388225787125,0.1734317257091678,0.3661809936665685,0.20196375761155927,0.17348790204412487,315
DGBRec_seed2025,2025,325,0.026081461562878556,1.0,0.15254772775620612,0.0003677018210953529,0.2648119640896956,0.17357728046597604,0.3669784162787856,0.20229702139068292,0.17357728046597604,325
DGBRec_seed2025,2025,330,0.026065203542303707,1.0,0.14904454590579236,0.0003227678176441364,0.26531865014574624,0.17366313356403884,0.3660898613668983,0.20209529752332964,0.17366313356403884,330
DGBRec_seed2025,2025,335,0.02605987917114463,1.0,0.14554136405537865,0.0002806242541188806,0.2653306516284013,0.1737952531070891,0.36614600337288666,0.2022445257634249,0.1737952531070891,335
DGBRec_seed2025,2025,340,0.026044723138006196,1.0,0.1420381822049649,0.0002413361128399154,0.26513156057285037,0.17394462132327243,0.36771694409744954,0.20280884361292864,0.17394462132327243,340
DGBRec_seed2025,2025,345,0.025995380762550566,1.0,0.13853500035455119,0.00020496397327343158,0.2655485306341688,0.17403012715600652,0.3681837196845338,0.20285457479075367,0.17403012715600652,345
DGBRec_seed2025,2025,350,0.026002569149972662,1.0,0.13503181850413742,0.00017156391862233639,0.2648232954798297,0.1740566087533873,0.36855791606236604,0.20318049299334898,0.1740566087533873,350
DGBRec_seed2025,2025,355,0.0260163902098106,1.0,0.1315286366537237,0.00014118744935001567,0.26560191078045925,0.1743106398458456,0.36793445602032093,0.20305277207134728,0.1743106398458456,355
DGBRec_seed2025,2025,360,0.025990721485060122,1.0,0.12802545480330993,0.00011388140377035812,0.2655641086132533,0.17433463017061818,0.3682220224830715,0.20320218266019263,0.17433463017061818,360
DGBRec_seed2025,2025,365,0.026006592825676005,1.0,0.12452227295289621,8.968788582646568e-05,0.2654695727894881,0.17416056067744917,0.36829195465114806,0.2030935969574454,0.17433463017061818,360
DGBRec_seed2025,2025,370,0.025985352979559038,1.0,0.12101909110248245,6.864420016942684e-05,0.26548590445924825,0.17419088975692654,0.3679807062189589,0.20307815499433296,0.17433463017061818,360
DGBRec_seed2025,2025,375,0.02597412146213982,1.0,0.11751590925206873,5.078279463724769e-05,0.2654188297361396,0.17425988104487475,0.3684213713470869,0.20325449581615637,0.17433463017061818,360
DGBRec_seed2025,2025,380,0.025981413873119488,1.0,0.11401272740165497,3.613121022263864e-05,0.26524751100347,0.17425524764496245,0.36821675730911835,0.20321967031087482,0.17433463017061818,360
DGBRec_seed2025,2025,385,0.025945549856664404,1.0,0.11050954555124125,2.4712038606798598e-05,0.265422722355948,0.1743231281086159,0.36860896966938345,0.20333290237516155,0.17433463017061818,360
DGBRec_seed2025,2025,390,0.02598204080843263,1.0,0.10700636370082749,1.654288732468152e-05,0.26512542296432706,0.17431899619385308,0.36856175611889225,0.20338750316444382,0.17433463017061818,360
DGBRec_seed2025,2025,395,0.02594403495701651,1.0,0.10350318185041377,1.1636352615452403e-05,0.26545324255110264,0.1744646843063273,0.36863130063071853,0.2034504262908775,0.1744646843063273,395
DGBRec_seed2025,2025,400,0.02596678574466043,1.0,0.1,1e-05,0.2655288940939771,0.17450546969605665,0.3685088983403232,0.20344761776241901,0.17450546969605665,400
DGBRec_seed2025,2025,5,0.0630065211508837,0.1,0.3767513661826855,0.004253317046975582,0.20178091122494432,0.12895791805699522,0.28818487611876203,0.15325812548814421,0.12895791805699522,5
DGBRec_seed2025,2025,10,0.04406349174678326,0.2,0.37324818433227175,0.004248410512266353,0.2119248016927125,0.13407552309881976,0.3037429022571005,0.15994022410187977,0.13407552309881976,10
DGBRec_seed2025,2025,15,0.036331489837418,0.3,0.36974500248185804,0.004240241360984236,0.21925431015341434,0.1377337800824169,0.31480304315928787,0.16472022144102635,0.1377337800824169,15
DGBRec_seed2025,2025,20,0.032873898123701416,0.4,0.3662418206314442,0.004228822189368396,0.22444179458671062,0.14095976187565248,0.32240477390390554,0.16858204503717977,0.14095976187565248,20
DGBRec_seed2025,2025,25,0.03106052138739162,0.5,0.3627386387810306,0.004214170604953787,0.22963030309269614,0.14379934241172307,0.3296908790453679,0.17197784965822754,0.14379934241172307,25
DGBRec_seed2025,2025,30,0.030027620882416766,0.6,0.3592354569306168,0.004196309199421608,0.23295464254208142,0.14598730101383656,0.33456252778892304,0.17459804502351026,0.14598730101383656,30
DGBRec_seed2025,2025,35,0.02938159469825526,0.7,0.35573227508020305,0.00417526551376457,0.23672214595845864,0.1498108605294907,0.3389926791982802,0.17864173433068575,0.1498108605294907,35
DGBRec_seed2025,2025,40,0.02896459092799988,0.8,0.3522290932297893,0.004151071995820678,0.24028725729146194,0.15273646417993597,0.3429370553270715,0.18157369960161235,0.15273646417993597,40
DGBRec_seed2025,2025,45,0.028732124534952972,0.9,0.3487259113793756,0.004123765950241021,0.24320994698882142,0.15361285621048126,0.3457966250378909,0.18257716872867186,0.15361285621048126,45
DGBRec_seed2025,2025,50,0.02852469809456832,1.0,0.3452227295289618,0.004093389480968699,0.24480816594594879,0.15545577803235952,0.3464210967223271,0.1841759220784583,0.15545577803235952,50
DGBRec_seed2025,2025,55,0.02833585045300424,1.0,0.3417195476785481,0.004059989426317602,0.24565358855735664,0.15697631324139114,0.349959434433004,0.1861229150233285,0.15697631324139114,55
DGBRec_seed2025,2025,60,0.028210131684318185,1.0,0.3382163658281343,0.004023617286751119,0.24468397578281625,0.1564520387144544,0.35037432241486827,0.186057855875154,0.15697631324139114,55
DGBRec_seed2025,2025,65,0.028184686399375398,1.0,0.33471318397772065,0.003984329145472154,0.24868119239075695,0.15891962928652476,0.3515262863425211,0.18779890018498413,0.15891962928652476,65
DGBRec_seed2025,2025,70,0.028036303740615647,1.0,0.3312100021273069,0.003942185581946898,0.24948223195058983,0.15877474172215778,0.35211752257795265,0.1875806119576127,0.15891962928652476,65
DGBRec_seed2025,2025,75,0.02794098186617096,1.0,0.32770682027689313,0.0038972515784956806,0.24937032204129875,0.1594377452251169,0.3514442290626876,0.18815166382758652,0.1594377452251169,75
DGBRec_seed2025,2025,80,0.02791764002500309,1.0,0.32420363842647937,0.003849596420094943,0.24958820476763535,0.15982517406027738,0.3537566134259478,0.18908345543619445,0.15982517406027738,80
DGBRec_seed2025,2025,85,0.027831470852510795,1.0,0.32070045657606566,0.0037992935875448236,0.2508985197242777,0.15984974073393032,0.35395354816974345,0.18882602787417507,0.15984974073393032,85
DGBRec_seed2025,2025,90,0.0277818756747163,1.0,0.3171972747256519,0.0037464206441670932,0.2512729108701662,0.15990567138531192,0.3539711893547792,0.1888312867540219,0.15990567138531192,90
DGBRec_seed2025,2025,95,0.027719011504410043,1.0,0.3136940928752382,0.0036910591162081325,0.25103523277847856,0.15954264800953805,0.3524781774499936,0.18800015816280238,0.15990567138531192,90
DGBRec_seed2025,2025,100,0.027698305616569188,1.0,0.3101909110248244,0.0036332943671313705,0.25205602631242147,0.16056148006685747,0.3539472503251306,0.1892255313194523,0.16056148006685747,100
DGBRec_seed2025,2025,105,0.027620074365081057,1.0,0.30668772917441073,0.003573215465993011,0.2507193996005684,0.16057638865661042,0.35519978494456644,0.1899943146647356,0.16057638865661042,105
DGBRec_seed2025,2025,110,0.02751993985536198,1.0,0.30318454732399697,0.0035109150501040033,0.2502695282601184,0.16165457017640597,0.3545534030451907,0.19095639974362003,0.16165457017640597,110
DGBRec_seed2025,2025,115,0.02754197885385818,1.0,0.2996813654735832,0.0034464891821900253,0.25203223688172083,0.16120567726363422,0.35481229224086164,0.19009285411896465,0.16165457017640597,110
DGBRec_seed2025,2025,120,0.027480694335988827,1.0,0.29617818362316944,0.00338003720226972,0.2524161007043722,0.16204054677061006,0.3551865200344551,0.19091358976224443,0.16204054677061006,120
DGBRec_seed2025,2025,125,0.027380809963991243,1.0,0.29267500177275574,0.0033116615744795876,0.25375113068019794,0.16241922355830285,0.35531790527868434,0.19099953011831738,0.16241922355830285,125
DGBRec_seed2025,2025,130,0.027385042773352727,1.0,0.289171819922342,0.0032414677290817174,0.2538645753351826,0.16248942927102794,0.35504520363589875,0.1909605976379224,0.16248942927102794,130
DGBRec_seed2025,2025,135,0.02733743089872102,1.0,0.28566863807192827,0.003169563899897961,0.2525147505599711,0.16295668251616935,0.35617255292264777,0.19194542142805066,0.16295668251616935,135
DGBRec_seed2025,2025,140,0.027290843685881958,1.0,0.2821654562215145,0.0030960609574212264,0.2525290246278581,0.16269801593652336,0.3553253746546403,0.19161337733793035,0.16295668251616935,135
DGBRec_seed2025,2025,145,0.027287693771844108,1.0,0.27866227437110075,0.0030210722378612134,0.2536412178499572,0.16289216277914043,0.35580964318246106,0.1917167244393859,0.16295668251616935,135
DGBRec_seed2025,2025,150,0.027165055895845096,1.0,0.27515909252068704,0.0029447133683881926,0.2545096051188609,0.1643421999096489,0.35801213617541394,0.19338806711815631,0.1643421999096489,150
DGBRec_seed2025,2025,155,0.0271800864332666,1.0,0.2716559106702733,0.00286710208884429,0.2533138507658806,0.16330089173986687,0.3568892253741674,0.19242807137099416,0.1643421999096489,150
DGBRec_seed2025,2025,160,0.027128479883281723,1.0,0.2681527288198595,0.0027883580701971848,0.25467440011335307,0.16463312807111816,0.3597226874563062,0.1941191348497543,0.16463312807111816,160
DGBRec_seed2025,2025,165,0.027059623066128954,1.0,0.2646495469694458,0.00270860273001615,0.25554668691678356,0.1638473376680667,0.35876060549590477,0.19295174890134553,0.16463312807111816,160
DGBRec_seed2025,2025,170,0.02706181219158073,1.0,0.2611463651190321,0.002627959045254962,0.2558796913945344,0.16527186522288212,0.358161810837824,0.19402420210859822,0.16527186522288212,170
DGBRec_seed2025,2025,175,0.027007810667985015,1.0,0.25764318326861835,0.002546551362630353,0.25755037358260885,0.16598019575157524,0.35876080212995526,0.1944036400302306,0.16598019575157524,175
DGBRec_seed2025,2025,180,0.026925806939187977,1.0,0.2541400014182046,0.002464505206888383,0.25676166900923963,0.1651581721967468,0.3589703733397111,0.19407959928062155,0.16598019575157524,175
DGBRec_seed2025,2025,185,0.026900979405682948,1.0,0.2506368195677908,0.002381947087254382,0.2570044260483995,0.1656263153055162,0.3592398516258533,0.19440723602512022,0.16598019575157524,175
DGBRec_seed2025,2025,190,0.026900190420241818,1.0,0.24713363771737715,0.002299004302364893,0.25704306694650425,0.1654193296070993,0.3591339496557033,0.19420876322505468,0.16598019575157524,175
DGBRec_seed2025,2025,195,0.026836185871313017,1.0,0.24363045586696339,0.002215804743982404,0.25713221161459376,0.16569640056749935,0.3604476719619517,0.1947950640581263,0.16598019575157524,175
DGBRec_seed2025,2025,200,0.026784491337214906,1.0,0.24012727401654962,0.002132476699795516,0.25890214406200524,0.166978988288586,0.3621469352438058,0.1961349791869777,0.166978988288586,200
DGBRec_seed2025,2025,205,0.02675997745245695,1.0,0.2366240921661359,0.0020491486556086284,0.2579614080478654,0.16742021681583777,0.36217373208015274,0.1968711564263053,0.16742021681583777,205
DGBRec_seed2025,2025,210,0.026726200038360223,1.0,0.23312091031572213,0.0019659490972261393,0.2591718108791771,0.16735048404415104,0.36313736385694156,0.1966656254777806,0.16742021681583777,205
DGBRec_seed2025,2025,215,0.02671538821111123,1.0,0.22961772846530842,0.0018830063123366507,0.25921725883733493,0.16732870592533067,0.3613568958750614,0.19607068965156899,0.16742021681583777,205
DGBRec_seed2025,2025,220,0.026651755078799196,1.0,0.22611454661489466,0.0018004481927026495,0.2611685461359877,0.16886136173292512,0.36361104755091106,0.1976286140044551,0.16886136173292512,220
DGBRec_seed2025,2025,225,0.026650743740093377,1.0,0.22261136476448093,0.0017184020369606793,0.2606196877688561,0.1683076155075703,0.3640019925479321,0.1972550983812036,0.16886136173292512,220
DGBRec_seed2025,2025,230,0.026598199581106503,1.0,0.21910818291406717,0.0016369943543360697,0.2598351198779995,0.16842780446824138,0.3613244935333651,0.19705631237094132,0.16886136173292512,220
DGBRec_seed2025,2025,235,0.026547106836612027,1.0,0.21560500106365346,0.001556350669574883,0.26079851668771176,0.16844130104477845,0.361490927428512,0.1968949328791833,0.16886136173292512,220
DGBRec_seed2025,2025,240,0.02655898559735053,1.0,0.2121018192132397,0.0014765953293938486,0.26248391736766635,0.1695882684170436,0.36356604354324246,0.19791529874588287,0.1695882684170436,240
DGBRec_seed2025,2025,245,0.026494936137977574,1.0,0.20859863736282597,0.0013978513107467422,0.2604932743298423,0.1694326490988812,0.362378893843666,0.1982162061497024,0.1695882684170436,240
DGBRec_seed2025,2025,250,0.02643846296187904,1.0,0.2050954555124122,0.00132024003120284,0.2611473967932271,0.17061928856858835,0.3631987627768143,0.19925952400556501,0.17061928856858835,250
DGBRec_seed2025,2025,255,0.0263902699160907,1.0,0.2015922736619985,0.0012438811617298184,0.26114272797669935,0.17004459314794423,0.3645537913897558,0.19901265853610905,0.17061928856858835,250
DGBRec_seed2025,2025,260,0.026360362405992217,1.0,0.19808909181158474,0.0011688924421698055,0.26320096634750834,0.17050615842629274,0.3648087229303244,0.19918138588077172,0.17061928856858835,250
DGBRec_seed2025,2025,265,0.026365060669680435,1.0,0.19458590996117098,0.0010953894996930706,0.26182546897026415,0.17012917062498475,0.36404252301033196,0.19883472053329046,0.17061928856858835,250
DGBRec_seed2025,2025,270,0.02637013617075152,1.0,0.19108272811075727,0.001023485670509315,0.26305009369646687,0.1708195065244277,0.3660721477460412,0.19968675117088092,0.1708195065244277,270
DGBRec_seed2025,2025,275,0.02628400854559408,1.0,0.1875795462603435,0.0009532918251114443,0.26309767380558446,0.17123952114049507,0.36521918315502483,0.1999970209647128,0.17123952114049507,275
DGBRec_seed2025,2025,280,0.026271422781671088,1.0,0.18407636440992978,0.0008849161973213126,0.2628334932135141,0.17117891348117348,0.365500856188761,0.20001204972269265,0.17123952114049507,275
DGBRec_seed2025,2025,285,0.026214678745923772,1.0,0.18057318255951604,0.0008184642174010065,0.26357310790084004,0.1722781931566701,0.365708112015423,0.20096497009574732,0.1722781931566701,285
DGBRec_seed2025,2025,290,0.026228642298115626,1.0,0.17707000070910228,0.0007540383494870288,0.26375343115675215,0.17210151819469782,0.36705861486373853,0.2010756537890172,0.1722781931566701,285
DGBRec_seed2025,2025,295,0.026209899534781773,1.0,0.17356681885868858,0.0006917379335980212,0.2634641831412116,0.1721445314110144,0.3671324546150736,0.20127959019189012,0.1722781931566701,285
DGBRec_seed2025,2025,300,0.02618036426914235,1.0,0.17006363700827481,0.0006316590324596623,0.26389209423350796,0.17280421385882747,0.36709868141112456,0.20180935451554335,0.17280421385882747,300
DGBRec_seed2025,2025,305,0.026163194535507098,1.0,0.1665604551578611,0.0005738942833829001,0.2631924202177846,0.1728076223284483,0.36692863994909247,0.20186721238660912,0.1728076223284483,305
DGBRec_seed2025,2025,310,0.02613524308738609,1.0,0.16305727330744735,0.0005185327554239393,0.2643358328269405,0.17308870788474098,0.36612658931280145,0.20174049101274452,0.17308870788474098,310
DGBRec_seed2025,2025,315,0.026126833917159174,1.0,0.15955409145703361,0.00046565981204620875,0.26489871978552093,0.1734968474224445,0.36641329808684137,0.20204684744776127,0.1734968474224445,315
DGBRec_seed2025,2025,320,0.026093901936999626,1.0,0.15605090960661985,0.00041535697949608995,0.26489157820704357,0.17332568489541533,0.3669380281140279,0.20202981827492403,0.1734968474224445,315
DGBRec_seed2025,2025,325,0.026081799400142498,1.0,0.15254772775620612,0.0003677018210953529,0.2638614680578233,0.17336966213590466,0.36712052796544414,0.20232881742989475,0.1734968474224445,315
DGBRec_seed2025,2025,330,0.02606366600634323,1.0,0.14904454590579236,0.0003227678176441364,0.26524632934536174,0.17362581967272142,0.36669009402822506,0.20210024941166616,0.17362581967272142,330
DGBRec_seed2025,2025,335,0.026060792669239972,1.0,0.14554136405537865,0.0002806242541188806,0.26578475306875027,0.1738863127636023,0.3675504372814698,0.20238143551351104,0.1738863127636023,335
DGBRec_seed2025,2025,340,0.026043658688043553,1.0,0.1420381822049649,0.0002413361128399154,0.26494273637521615,0.17384227418543735,0.3672275153358296,0.2025078787355273,0.1738863127636023,335
DGBRec_seed2025,2025,345,0.025995972514566448,1.0,0.13853500035455119,0.00020496397327343158,0.2653322429632301,0.17385850609870107,0.36819807274749883,0.20267578053219343,0.1738863127636023,335
DGBRec_seed2025,2025,350,0.02600180957880285,1.0,0.13503181850413742,0.00017156391862233639,0.265342213427344,0.17423284245393894,0.36849456498389693,0.20312726844535287,0.17423284245393894,350
DGBRec_seed2025,2025,355,0.02601741823471255,1.0,0.1315286366537237,0.00014118744935001567,0.2656115406037741,0.1741803702130898,0.3673788741959761,0.20271698173492106,0.17423284245393894,350
DGBRec_seed2025,2025,360,0.02598734525963664,1.0,0.12802545480330993,0.00011388140377035812,0.2650860271130334,0.17403675470112606,0.36831496261692237,0.20297456331915095,0.17423284245393894,350
DGBRec_seed2025,2025,365,0.026006014396746952,1.0,0.12452227295289621,8.968788582646568e-05,0.2659285840675448,0.17415777696252246,0.3678886778647418,0.20277901942899268,0.17423284245393894,350
DGBRec_seed2025,2025,370,0.025986470385558076,1.0,0.12101909110248245,6.864420016942684e-05,0.265533463681206,0.17414766116364291,0.36774495522301165,0.20283852710059538,0.17423284245393894,350
DGBRec_seed2025,2025,375,0.025974045766310558,1.0,0.11751590925206873,5.078279463724769e-05,0.2659843416826151,0.17429479057841998,0.3680712971730144,0.20290418841564672,0.17429479057841998,375
DGBRec_seed2025,2025,380,0.02598065955357419,1.0,0.11401272740165497,3.613121022263864e-05,0.2658130335097231,0.17415376729467952,0.3679866766764159,0.20280781820080523,0.17429479057841998,375
DGBRec_seed2025,2025,385,0.025945246116154723,1.0,0.11050954555124125,2.4712038606798598e-05,0.26589795144739153,0.17437820295066905,0.36841446454165344,0.20310100772493841,0.17437820295066905,385
DGBRec_seed2025,2025,390,0.02598263845882482,1.0,0.10700636370082749,1.654288732468152e-05,0.2657518605192528,0.17437919279743563,0.36813286104285387,0.2030590650118212,0.17437919279743563,390
DGBRec_seed2025,2025,395,0.025945024306161538,1.0,0.10350318185041377,1.1636352615452403e-05,0.26587253482594764,0.17443386575511582,0.36815863197366183,0.20310151676006244,0.17443386575511582,395
DGBRec_seed2025,2025,400,0.02596672466542158,1.0,0.1,1e-05,0.2657635050571898,0.17440304660253864,0.3681143670551946,0.20310040510910446,0.17443386575511582,395
DGBRec_seed2025,2025,5,0.06241199607029557,0.1,0.3767513661826855,0.004253317046975582,0.20190703510325825,0.12973679805285163,0.2877805150560005,0.1538219442267243,0.12973679805285163,5
DGBRec_seed2025,2025,10,0.04384549593345986,0.2,0.37324818433227175,0.004248410512266353,0.2127942783363833,0.13454025394611518,0.30566844201920934,0.16057621114902448,0.13454025394611518,10
DGBRec_seed2025,2025,15,0.036288732973237835,0.3,0.36974500248185804,0.004240241360984236,0.219013240024126,0.13834882961667794,0.3143502599144577,0.1652719952730686,0.13834882961667794,15
DGBRec_seed2025,2025,20,0.03279329205138816,0.4,0.3662418206314442,0.004228822189368396,0.22480295737846573,0.14054528433619118,0.32345267977511527,0.16833415264717247,0.14054528433619118,20
DGBRec_seed2025,2025,25,0.03103118464868102,0.5,0.3627386387810306,0.004214170604953787,0.22989720013811604,0.14467227312101602,0.32865911451878704,0.17260757504419882,0.14467227312101602,25
DGBRec_seed2025,2025,30,0.029991209843299456,0.6,0.3592354569306168,0.004196309199421608,0.2346970420630636,0.14712751372449917,0.3375206327443725,0.1759923206008926,0.14712751372449917,30
DGBRec_seed2025,2025,35,0.029383156034681533,0.7,0.35573227508020305,0.00417526551376457,0.23764634343695304,0.15030844959171613,0.3399092439876338,0.17910024915084577,0.15030844959171613,35
DGBRec_seed2025,2025,40,0.029026835613573592,0.8,0.3522290932297893,0.004151071995820678,0.24175278438449652,0.1523636707419771,0.3460220921524477,0.1816543594605875,0.1523636707419771,40
DGBRec_seed2025,2025,45,0.028695499162293144,0.9,0.3487259113793756,0.004123765950241021,0.2447415109591137,0.15429209918303485,0.3498951894813144,0.1839081135767576,0.15429209918303485,45
DGBRec_seed2025,2025,50,0.028480892069637775,1.0,0.3452227295289618,0.004093389480968699,0.24553653507473783,0.15498990317472938,0.348352040764433,0.18397698629170095,0.15498990317472938,50
DGBRec_seed2025,2025,55,0.028342970336476963,1.0,0.3417195476785481,0.004059989426317602,0.24668298562094448,0.1566050459887888,0.34825784298226037,0.18520155063556845,0.1566050459887888,55
DGBRec_seed2025,2025,60,0.028198308647713728,1.0,0.3382163658281343,0.004023617286751119,0.248529908967194,0.15712530922881596,0.35057138574602814,0.18613268820138104,0.15712530922881596,60
DGBRec_seed2025,2025,65,0.028138095021454826,1.0,0.33471318397772065,0.003984329145472154,0.2494783025469162,0.1592133648682256,0.3512414682552048,0.1879514315746711,0.1592133648682256,65
DGBRec_seed2025,2025,70,0.02805034045336975,1.0,0.3312100021273069,0.003942185581946898,0.2510201687370065,0.1589066213941332,0.35330239109480027,0.18769657565202252,0.1592133648682256,65
DGBRec_seed2025,2025,75,0.027924024888003867,1.0,0.32770682027689313,0.0038972515784956806,0.24891881261786855,0.15827183230752634,0.3530171391456752,0.18758365873201216,0.1592133648682256,65
DGBRec_seed2025,2025,5,0.09050689488649369,0.1,0.3767513661826855,0.004253317046975582,0.06511380470511653,0.032260661521728996,0.10090297844047953,0.04102204131215002,0.032260661521728996,5
DGBRec_seed2025,2025,10,0.038685860402054253,0.2,0.37324818433227175,0.004248410512266353,0.06859433545940517,0.03332384359579522,0.10618812622899315,0.04252366102984371,0.03332384359579522,10
DGBRec_seed2025,2025,15,0.027674967837002542,0.3,0.36974500248185804,0.004240241360984236,0.06859755141126853,0.033309315685950004,0.10644788896693115,0.04254591162227332,0.03332384359579522,10
DGBRec_seed2025,2025,20,0.024544629992710218,0.4,0.3662418206314442,0.004228822189368396,0.06937416352129887,0.03376764576382878,0.1072201397068864,0.04301594598269784,0.03376764576382878,20
DGBRec_seed2025,2025,25,0.023023596364590858,0.5,0.3627386387810306,0.004214170604953787,0.0702776037712165,0.03397886421266673,0.10878252371839826,0.04335152388132978,0.03397886421266673,25
DGBRec_seed2025,2025,30,0.022116152983572748,0.6,0.3592354569306168,0.004196309199421608,0.07115724138056732,0.03464033892173561,0.1091186517470815,0.04393034234146031,0.03464033892173561,30
DGBRec_seed2025,2025,35,0.021545675935016738,0.7,0.35573227508020305,0.00417526551376457,0.07174710863804405,0.034919792664061935,0.11117031017732473,0.0445524977662153,0.034919792664061935,35
